# Question Link: https://leetcode.com/problems/students-and-examinations/?envType=study-plan-v2&envId=top-sql-50


-- Create table If Not Exists leetcode.students (student_id int, student_name varchar(20));
-- Create table If Not Exists leetcode.subjects (subject_name varchar(20));
-- Create table If Not Exists leetcode.examinations (student_id int, subject_name varchar(20));
-- Truncate table leetcode.students;
-- insert into leetcode.students (student_id, student_name) values ('1', 'Alice');
-- insert into leetcode.students (student_id, student_name) values ('2', 'Bob');
-- insert into leetcode.students (student_id, student_name) values ('13', 'John');
-- insert into leetcode.students (student_id, student_name) values ('6', 'Alex');
-- Truncate table leetcode.subjects;
-- insert into leetcode.subjects (subject_name) values ('Math');
-- insert into leetcode.subjects (subject_name) values ('Physics');
-- insert into leetcode.subjects (subject_name) values ('Programming');
-- Truncate table leetcode.examinations;
-- insert into leetcode.examinations (student_id, subject_name) values ('1', 'Math');
-- insert into leetcode.examinations (student_id, subject_name) values ('1', 'Physics');
-- insert into leetcode.examinations (student_id, subject_name) values ('1', 'Programming');
-- insert into leetcode.examinations (student_id, subject_name) values ('2', 'Programming');
-- insert into leetcode.examinations (student_id, subject_name) values ('1', 'Physics');
-- insert into leetcode.examinations (student_id, subject_name) values ('1', 'Math');
-- insert into leetcode.examinations (student_id, subject_name) values ('13', 'Math');
-- insert into leetcode.examinations (student_id, subject_name) values ('13', 'Programming');
-- insert into leetcode.examinations (student_id, subject_name) values ('13', 'Physics');
-- insert into leetcode.examinations (student_id, subject_name) values ('2', 'Math');
-- insert into leetcode.examinations (student_id, subject_name) values ('1', 'Math');

